Date,Temperature,Flow rate
24/07/2016,565.930603,17.12858582
25/07/2016,568.5731812,17.15112686
25/07/2016,567.7133179,17.26383209
26/07/2016,567.7830811,17.20952797
26/07/2016,568.7302856,17.24180412
26/07/2016,568.855957,15.45338154
26/07/2016,568.8621216,23.95747948
27/07/2016,569.2199707,22.88729477
27/07/2016,568.767395,22.41393471
27/07/2016,568.3012695,22.27766418
27/07/2016,567.6472778,27.81454849
28/07/2016,567.2573242,22.03227425
28/07/2016,567.2755737,23.00666046
28/07/2016,566.3410034,22.74641418
28/07/2016,567.3230591,22.39088058
28/07/2016,567.4013672,21.49795151
29/07/2016,570.7459717,26.16188431
29/07/2016,567.7487793,23.3944664
29/07/2016,568.2360229,24.94877052
29/07/2016,567.7360229,22.76639366
30/07/2016,568.0672607,25.88627052
30/07/2016,567.7706909,29.49641418
30/07/2016,568.3492432,25.86116791
30/07/2016,567.6134644,25.89754105
31/07/2016,567.0523071,27.20491791
31/07/2016,567.0042725,28.78125
31/07/2016,567.9259644,29.54200745
31/07/2016,566.4147949,25.1972332
01/08/2016,565.0556641,27.26383209
01/08/2016,566.5810547,25.50153732
01/08/2016,624.4495239,29.25666046
01/08/2016,647.3037109,39.12807465
02/08/2016,726.9168091,45.41444778
02/08/2016,726.0100098,46.04457092
02/08/2016,729.7081909,47.88370895
02/08/2016,717.3424072,40.30379105
03/08/2016,721.2486572,41.42674255
03/08/2016,727.2241821,41.71260071
03/08/2016,730.6421509,44.83760071
03/08/2016,716.84729,44.36936569
04/08/2016,669.0620728,50.26332092
04/08/2016,619.3225708,29.77868843
04/08/2016,619.668457,37.62704849
04/08/2016,616.642395,38.0860672
05/08/2016,622.0031128,38.14395523
05/08/2016,642.0499878,40.60963058
05/08/2016,717.0125122,46.98975372
05/08/2016,738.541687,38.19825745
06/08/2016,741.918396,44.87295151
06/08/2016,747.7164307,38.40522385
06/08/2016,747.9046631,38.99590302
06/08/2016,579.4470825,33.97233582
07/08/2016,621.5800171,34.47336197
07/08/2016,655.1832275,34.55994034
07/08/2016,646.8563843,27.88319588
07/08/2016,647.8529053,19.81762314
07/08/2016,646.8852539,20.42264366
08/08/2016,646.7064209,16.60809517
08/08/2016,646.0437622,15.55225372
08/08/2016,648.2556152,19.12909889
08/08/2016,687.5422363,28.09528732
09/08/2016,691.107666,27.47387314
09/08/2016,690.7368164,28.45747948
09/08/2016,690.8239136,28.44262314
09/08/2016,693.4829102,27.26895523
09/08/2016,690.5916748,18.42930412
09/08/2016,693.0249634,16.94774628
10/08/2016,694.1965332,16.43801308
10/08/2016,667.364502,14.29918003
10/08/2016,667.4877319,12.9170084
10/08/2016,645.0409546,9.559938431
11/08/2016,641.229248,11.51997948
11/08/2016,640.760498,10.05071735
11/08/2016,641.8713379,5.126536846
11/08/2016,640.2342529,11.69211102
12/08/2016,642.4840698,17.07479477
12/08/2016,640.8999634,15.68545055
12/08/2016,641.5629883,10.49590206
12/08/2016,641.27771,9.238729477
13/08/2016,642.7185669,10.31608582
13/08/2016,644.0407715,15.60040951
13/08/2016,640.8578491,14.40420055
13/08/2016,662.6157227,23.63217163
14/08/2016,655.8377075,18.08862686
14/08/2016,653.9246216,17.67315483
14/08/2016,654.201355,19.43391418
14/08/2016,654.8425903,19.53073692
15/08/2016,655.2219238,17.13012314
15/08/2016,653.6691284,23.16649628
15/08/2016,652.4793091,7.722336292
15/08/2016,652.3609619,23.34272575
16/08/2016,653.0424805,14.18442631
16/08/2016,652.4258423,17.16291046
16/08/2016,652.5467529,27.53534889
17/08/2016,652.7636108,24.80891418
17/08/2016,652.0116577,24.31864738
17/08/2016,651.9221191,24.26434517
17/08/2016,652.291687,18.66393471
17/08/2016,652.578186,22.86782837
18/08/2016,651.8682251,28.11424255
18/08/2016,654.7079468,24.21516418
18/08/2016,683.3446045,29.50153732
18/08/2016,757.4907837,29.40420151
19/08/2016,757.1304321,27.75153732
19/08/2016,757.1761475,15.00051212
19/08/2016,756.5290527,29.85655785
19/08/2016,763.6207886,32.28432465
20/08/2016,763.1054688,30.20594215
20/08/2016,763.3187256,27.38627052
20/08/2016,763.5064697,21.81659889
20/08/2016,763.8178101,31.19108582
21/08/2016,762.7625122,18.99282837
21/08/2016,765.4832153,17.80993843
21/08/2016,765.6720581,19.20645523
21/08/2016,766.0603027,19.47028732
22/08/2016,764.517334,17.46670151
22/08/2016,765.6965942,15.12756157
22/08/2016,773.5004883,11.80071735
22/08/2016,768.7261353,10.11475372
23/08/2016,769.1560669,4.774077892
23/08/2016,767.8786011,3.968237638
23/08/2016,770.1715698,4.023053169
23/08/2016,768.6030273,21.46516418
23/08/2016,772.5386963,23.48258209
24/08/2016,770.3566284,18.64497948
24/08/2016,696.3922729,22.30635262
24/08/2016,694.8640137,19.78842163
24/08/2016,700.8347778,22.83452797
25/08/2016,746.7775879,33.57325745
25/08/2016,766.8598022,25.99077797
25/08/2016,769.0925293,28.24743843
25/08/2016,769.5513916,21.97899628
26/08/2016,767.3156738,25.85143471
26/08/2016,769.4159546,25.39497948
26/08/2016,766.9101563,29.27458954
26/08/2016,768.1418457,26.79047203
27/08/2016,765.1739502,21.20030785
27/08/2016,765.2853394,22.55020523
27/08/2016,768.6799927,21.07274628
27/08/2016,769.1043701,18.80430412
28/08/2016,769.8218994,18.31711006
28/08/2016,770.2398071,16.93135262
28/08/2016,769.6337891,16.62397575
28/08/2016,769.7841797,14.61116791
29/08/2016,769.019165,15.39805317
29/08/2016,770.6213379,13.52459049
29/08/2016,769.9683838,15.85860634
29/08/2016,770.7807007,20.00819588
30/08/2016,771.7009888,26.36885262
30/08/2016,771.2386475,21.91700745
30/08/2016,772.4040527,34.30635071
30/08/2016,776.038147,34.60911942
31/08/2016,775.4769287,35.375
31/08/2016,775.5522461,35.48975372
31/08/2016,748.7377319,24.74846268
31/08/2016,741.9070435,17.63780785
01/09/2016,742.5493774,23.77510262
01/09/2016,742.4234619,22.53739738
01/09/2016,742.1640015,21.97438431
01/09/2016,742.3304443,22.43032837
02/09/2016,742.2731323,21.50409889
02/09/2016,741.7232666,18.10041046
02/09/2016,740.5842896,18.72643471
02/09/2016,740.6329346,10.88114738
03/09/2016,738.2843628,14.17366791
03/09/2016,738.8290405,16.02202797
03/09/2016,737.7803955,17.95440483
03/09/2016,738.6262207,11.8232584
04/09/2016,738.4654541,12.70338154
04/09/2016,739.5400391,11.81967258
04/09/2016,677.9544678,9.591700554
04/09/2016,732.7097168,17.69416046
05/09/2016,732.47229,18.11629105
05/09/2016,731.5413208,21.26127052
05/09/2016,733.2164917,18.77817535
05/09/2016,732.3081055,14.10911846
06/09/2016,736.4626465,16.00153732
06/09/2016,733.4158325,15.20286846
06/09/2016,734.6323853,11.24487686
06/09/2016,734.8320313,15.9472332
07/09/2016,734.2382202,25.64805412
07/09/2016,718.9606934,22.29610634
07/09/2016,718.1299438,20.78329849
07/09/2016,717.6257935,14.10758209
07/09/2016,731.9545288,24.12448692
08/09/2016,731.21875,14.25409794
08/09/2016,732.5474854,13.34221268
08/09/2016,732.2822266,18.50256157
08/09/2016,731.543396,14.30686474
09/09/2016,730.9598389,20.15266418
09/09/2016,731.5672607,22.26229477
09/09/2016,731.3798218,11.34118843
09/09/2016,731.7371216,11.1045084
10/09/2016,723.7892456,15.19774628
10/09/2016,723.4814453,14.26793003
10/09/2016,722.1450195,21.02971268
10/09/2016,723.0021362,19.5527668
11/09/2016,713.8592529,20.50358582
11/09/2016,721.0986938,18.75870895
11/09/2016,721.1439819,22.44262314
11/09/2016,720.9741211,23.81762314
12/09/2016,715.7128296,18.28791046
12/09/2016,713.1828613,18.86833954
12/09/2016,712.6430664,18.65676308
12/09/2016,716.7819824,23.81096268
13/09/2016,714.7310181,19.57325745
13/09/2016,712.7075195,20.96055412
13/09/2016,711.5980225,23.99948692
13/09/2016,712.1746216,23.91649628
14/09/2016,716.0338745,23.32991791
14/09/2016,716.8064575,21.71260262
14/09/2016,715.6949463,23.15727425
15/09/2016,716.302063,17.12961006
15/09/2016,715.5421143,18.08965111
15/09/2016,721.9545898,19.44416046
15/09/2016,722.0039673,18.11833954
16/09/2016,721.5640869,18.74282837
16/09/2016,721.9106445,22.23411942
16/09/2016,722.1467285,19.53483582
16/09/2016,723.0769043,17.21055412
17/09/2016,721.78302,26.40010262
17/09/2016,720.9040527,26.1777668
17/09/2016,721.8997803,26.34016418
17/09/2016,721.5166016,26.32633209
18/09/2016,721.6903076,26.22284889
18/09/2016,721.8900146,25.91905785
18/09/2016,721.6838989,20.60809517
18/09/2016,716.257019,17.62704849
19/09/2016,718.3520508,17.16905785
19/09/2016,719.0455322,14.74487686
19/09/2016,720.230957,13.84631157
19/09/2016,719.1455078,11.67161846
20/09/2016,719.2330933,10.67366791
20/09/2016,718.0479126,13.82940578
20/09/2016,718.6847534,13.00819683
20/09/2016,723.0444946,18.27715111
21/09/2016,723.3370972,19.01793098
21/09/2016,722.9226685,17.68954849
21/09/2016,723.62323,16.06301308
21/09/2016,723.8968506,19.49590111
22/09/2016,723.8065796,14.50922108
22/09/2016,725.0456543,15.99641418
22/09/2016,724.7814331,16.81813431
22/09/2016,725.0999146,15.10911846
23/09/2016,725.7717896,14.34682369
23/09/2016,725.199585,16.53381157
23/09/2016,725.5912476,15.30071735
23/09/2016,724.133728,12.38883209
24/09/2016,722.7612305,17.90010262
24/09/2016,722.9034424,16.13934517
24/09/2016,724.2572021,14.31045055
24/09/2016,723.7959595,9.225409508
25/09/2016,724.8172607,14.22899628
25/09/2016,724.656189,12.64907742
25/09/2016,724.2247314,12.24743843
25/09/2016,724.8095703,12.15829945
26/09/2016,727.6895142,12.50512314
26/09/2016,728.2944336,23.93647575
26/09/2016,728.21521,23.00358582
26/09/2016,728.2544556,20.23872948
27/09/2016,727.8618774,17.08555412
27/09/2016,727.12854,18.70235634
27/09/2016,728.2680054,19.64958954
27/09/2016,728.3646851,17.82991791
28/09/2016,728.6013184,19.65368843
28/09/2016,724.1420898,18.52868843
28/09/2016,696.914917,17.77100372
28/09/2016,695.6838989,12.39907742
29/09/2016,696.6705933,19.90420151
29/09/2016,697.3800659,15.63883209
29/09/2016,697.2450562,16.40010262
29/09/2016,696.6799316,19.78842163
30/09/2016,697.5775146,17.52920151
30/09/2016,697.3464355,14.95338154
30/09/2016,696.2964478,14.56506157
30/09/2016,697.1543579,18.24129105
30/09/2016,696.5612183,17.41956902
30/09/2016,695.3603516,18.74641418
01/10/2016,696.6589355,16.53483582
01/10/2016,696.2946167,17.43801308
01/10/2016,696.3998413,18.60706902
01/10/2016,696.8463745,18.00307465
01/10/2016,694.9692993,16.60194588
02/10/2016,694.8884888,15.29918003
02/10/2016,695.0231323,17.70850372
02/10/2016,694.6967773,16.78739738
02/10/2016,694.520813,15.64088154
03/10/2016,695.0053711,20.67520523
03/10/2016,694.3552246,20.42725372
03/10/2016,694.47052,15.23821735
03/10/2016,694.8616943,16.20338058
04/10/2016,694.6177979,14.68032742
04/10/2016,694.4920044,14.81711102
04/10/2016,694.5640259,11.14139366
04/10/2016,693.7744141,12.05737686
05/10/2016,694.1876831,13.02766418
05/10/2016,694.5081787,11.56147575
05/10/2016,694.9888306,21.12961006
06/10/2016,695.677124,15.49487686
06/10/2016,696.7030029,15.52407742
06/10/2016,703.890625,11.92264366
06/10/2016,704.4570923,10.70030785
07/10/2016,705.1303711,16.47950745
07/10/2016,703.6957397,16.22336006
07/10/2016,704.8165283,13.46413898
07/10/2016,704.9910278,14.36372948
08/10/2016,703.5527954,15.77920055
08/10/2016,703.6310425,11.7284832
08/10/2016,703.7969971,16.57069588
08/10/2016,703.7407837,18.21670151
09/10/2016,703.5307617,16.63268471
09/10/2016,703.9071045,15.57428265
09/10/2016,703.3823242,13.44928265
09/10/2016,703.6900024,17.09784889
10/10/2016,703.3104248,15.70184422
10/10/2016,703.9776611,19.07172203
10/10/2016,703.2294312,22.73770523
10/10/2016,704.4100952,19.01127052
10/10/2016,703.8884888,19.87141418
11/10/2016,703.8602905,18.05788994
11/10/2016,703.7908325,14.94518471
11/10/2016,703.7626953,17.2090168
11/10/2016,704.0407715,18.24948692
12/10/2016,704.552124,19.54252052
12/10/2016,704.4663086,19.80481529
12/10/2016,704.6729126,18.13319588
12/10/2016,703.0313721,12.44262314
13/10/2016,703.77948,17.71772575
13/10/2016,704.6414795,17.01383209
13/10/2016,704.012146,18.16854477
13/10/2016,704.944397,16.37704849
13/10/2016,704.5981445,22.02561569
14/10/2016,704.8101807,21.09067535
14/10/2016,704.4203491,19.45184517
14/10/2016,704.7064209,18.9882164
14/10/2016,704.9763184,6.3852458
15/10/2016,704.4858398,10.52305317
15/10/2016,704.1445313,9.691597939
15/10/2016,704.12146,9.867315292
15/10/2016,704.4490356,9.078893661
16/10/2016,704.0334473,12.19672108
16/10/2016,704.0742188,12.54713154
16/10/2016,704.2278442,12.17827892
16/10/2016,704.5664063,11.69415951
17/10/2016,704.6205444,11.77766418
17/10/2016,704.2915649,9.411373138
17/10/2016,703.8591919,10.71413898
17/10/2016,704.7407837,15.16956997
17/10/2016,703.8916016,12.11731529
18/10/2016,703.9992676,16.47899628
18/10/2016,704.3347168,14.70338154
18/10/2016,704.3023682,13.30430317
18/10/2016,703.128418,15.01895523
18/10/2016,704.0997314,17.09067535
19/10/2016,704.0531006,15.88370895
19/10/2016,704.2681274,17.61629105
19/10/2016,702.991394,17.84682465
19/10/2016,703.5757446,17.2694664
19/10/2016,684.3623047,13.05122948
20/10/2016,668.0515747,17.62653732
20/10/2016,667.8344727,16.35143471
20/10/2016,657.7548218,14.56454945
20/10/2016,640.09375,12.95440578
21/10/2016,642.4174194,18.27663994
21/10/2016,643.2387695,16.72079849
21/10/2016,643.0112305,14.27868843
21/10/2016,643.3684082,17.58708954
22/10/2016,642.9326782,14.77459049
22/10/2016,643.6624756,15.96926212
22/10/2016,643.0482178,16.21977425
22/10/2016,643.3620605,17.32735634
22/10/2016,643.0296021,15.53073788
23/10/2016,643.2702637,13.08094215
23/10/2016,643.1477051,15.24487686
23/10/2016,643.2802124,13.45133209
23/10/2016,643.0968018,12.06352425
23/10/2016,642.9647827,12.97592258
23/10/2016,647.6825562,19.95491791
24/10/2016,648.7532959,17.96311569
24/10/2016,647.9223022,19.02561569
24/10/2016,645.1519165,15.01536846
24/10/2016,645.1504517,11.6454916
24/10/2016,644.9243774,12.67110634
25/10/2016,645.8383179,12.04969215
25/10/2016,645.2495117,13.21311474
25/10/2016,645.3723755,16.18237686
25/10/2016,653.8381348,17.14293098
25/10/2016,653.2782593,14.65522575
26/10/2016,653.6923218,14.35860634
26/10/2016,653.5209351,13.39036846
26/10/2016,653.4634399,15.74385262
26/10/2016,654.289917,15.00665951
26/10/2016,653.7456055,16.16239738
27/10/2016,653.8426514,10.18903732
27/10/2016,652.5639648,14.06045055
27/10/2016,653.8776245,9.405225754
27/10/2016,653.5473633,8.651126862
27/10/2016,653.9844971,8.932888985
28/10/2016,654.5963135,10.24180317
28/10/2016,654.1747437,10.11219215
28/10/2016,653.3467407,8.971311569
28/10/2016,654.5751953,13.94877052
29/10/2016,653.7827759,13.86680317
29/10/2016,653.7509766,14.51946735
29/10/2016,653.8635864,9.295082092
29/10/2016,654.6906128,11.48770523
29/10/2016,652.6941528,15.67059422
29/10/2016,653.1970215,17.82069588
29/10/2016,653.5925903,14.82684422
29/10/2016,653.5294189,13.30891418
29/10/2016,654.5408325,16.25717163
30/10/2016,654.0824585,16.64190483
30/10/2016,653.8647461,9.878073692
30/10/2016,652.7261963,9.557888985
30/10/2016,650.7423096,8.468237877
30/10/2016,649.657959,12.98258209
30/10/2016,650.7086182,11.04303265
30/10/2016,651.9777222,12.96362686
30/10/2016,653.0255737,11.21618843
31/10/2016,652.2566528,10.83247948
31/10/2016,652.7802734,12.70696735
31/10/2016,654.9130859,10.27305317
31/10/2016,656.8539429,8.631147385
31/10/2016,660.1102295,15.68032742
31/10/2016,661.3415527,6.945696831
31/10/2016,674.0993652,17.87090111
01/11/2016,675.6834717,14.87192631
01/11/2016,678.8329468,21.56045151
01/11/2016,678.3527222,14.5517416
01/11/2016,694.9085693,22.41854477
02/11/2016,694.3296509,22.31711006
02/11/2016,692.0197754,22.27202797
02/11/2016,688.8267822,22.32377052
02/11/2016,678.2722168,20.45850372
03/11/2016,677.7252197,18.38575745
03/11/2016,678.3690186,22.40215111
03/11/2016,678.6010132,22.4805336
03/11/2016,690.2071533,22.44467163
04/11/2016,687.388855,22.41188431
04/11/2016,687.1757813,22.37346268
04/11/2016,678.5505981,22.36731529
04/11/2016,659.2341309,16.72592163
05/11/2016,645.8302612,21.24180412
05/11/2016,639.7576904,19.54047203
05/11/2016,600.288269,18.07991791
05/11/2016,676.1099854,14.42827892
06/11/2016,679.4125977,20.57377052
06/11/2016,682.0532227,19.95338058
06/11/2016,682.6465454,22.62397575
06/11/2016,682.2878418,23.39856529
07/11/2016,682.7312012,20.59579849
07/11/2016,683.3751831,19.6757164
07/11/2016,681.2036133,21.96721268
07/11/2016,682.0663452,24.75614738
07/11/2016,687.9789429,25.31762314
07/11/2016,675.9906006,22.64907837
08/11/2016,695.3657837,20.62653732
08/11/2016,696.9476318,20.72438431
08/11/2016,702.371582,20.71260262
08/11/2016,698.0664673,23.58555412
09/11/2016,700.2401123,20.75358582
09/11/2016,699.2810059,19.21772575
09/11/2016,699.3062744,16.00819588
10/11/2016,699.9277954,22.83913994
10/11/2016,699.8842163,21.69211006
10/11/2016,696.1817627,23.42879105
10/11/2016,696.6627197,23.67264366
11/11/2016,694.3150635,23.14907837
11/11/2016,694.9567871,23.625
11/11/2016,694.4716187,29.82786942
11/11/2016,681.0777588,29.53534889
12/11/2016,656.15448,28.22028732
12/11/2016,627.2435913,26.53995895
12/11/2016,610.3859863,21.90932465
12/11/2016,607.664917,24.60450745
13/11/2016,607.4897461,22.83555412
13/11/2016,607.5098267,22.99795151
13/11/2016,647.7567139,19.82325745
13/11/2016,647.9244995,14.53637314
14/11/2016,645.0491333,11.31915951
14/11/2016,642.8149414,15.79559422
14/11/2016,644.348877,12.79508209
14/11/2016,642.50354,13.35963154
15/11/2016,643.137085,15.22028732
15/11/2016,642.7984619,11.80737686
15/11/2016,642.3206177,15.03022575
15/11/2016,642.9855957,10.41803265
15/11/2016,641.2174072,10.01434422
16/11/2016,639.0352783,6.579917908
16/11/2016,639.6854858,8.995388985
16/11/2016,639.6188354,15.03073788
16/11/2016,617.6863403,14.70389366
17/11/2016,525.8997803,10.41290951
17/11/2016,522.6472168,11.56301212
17/11/2016,487.7471924,10.63319683
17/11/2016,502.1569824,12.71157742
17/11/2016,471.2207336,14.75256157
18/11/2016,507.4256897,13.18391418
18/11/2016,478.7644348,8.65625
18/11/2016,475.3598633,12.80430317
18/11/2016,480.1965332,18.84375
19/11/2016,486.4888916,22.20440483
19/11/2016,495.4948425,25.51280785
19/11/2016,541.8908691,25.38627052
19/11/2016,697.1456909,18.55327797
20/11/2016,703.7288818,21.12551308
20/11/2016,703.8085327,23.11065483
20/11/2016,703.5491943,22.04149628
20/11/2016,703.3502808,19.17981529
21/11/2016,701.213562,19.32018471
21/11/2016,702.3796997,14.7909832
21/11/2016,702.4910278,23.87397575
21/11/2016,708.2160034,26.60041046
22/11/2016,705.9146729,13.76383209
22/11/2016,706.453125,21.91188431
22/11/2016,711.3763428,26.50512314
22/11/2016,713.8894653,25.9180336
22/11/2016,713.0159912,25.1132164
23/11/2016,712.5476074,26.25922203
23/11/2016,712.1916504,26.81454849
23/11/2016,715.0995483,24.35297203
23/11/2016,715.4899902,21.10092163
23/11/2016,714.5840454,20.02254105
24/11/2016,715.6914063,19.65573692
24/11/2016,715.5516357,13.21055317
24/11/2016,714.3463745,7.732069492
24/11/2016,713.960022,11.93340206
25/11/2016,716.5304565,6.9272542
25/11/2016,719.0415649,9.780737877
25/11/2016,718.3530273,10.87141418
25/11/2016,714.3533325,10.03790951
26/11/2016,714.4765015,3.993340254
26/11/2016,713.2235718,9.493340492
26/11/2016,714.1008301,12.50409794
26/11/2016,714.364563,10.78073788
26/11/2016,714.7164917,10.52407742
27/11/2016,715.3169556,6.6352458
27/11/2016,714.1647949,11.64907742
27/11/2016,715.1742554,15.95440578
27/11/2016,715.3239136,17.96926308
28/11/2016,714.4475708,20.40163994
28/11/2016,715.7062988,22.73411942
28/11/2016,715.7344971,19.89907837
28/11/2016,715.3346558,15.48668003
29/11/2016,715.6496582,18.29969215
29/11/2016,714.5298462,19.59528732
29/11/2016,715.2232666,19.98309517
29/11/2016,714.6428833,18.85911942
30/11/2016,715.7525024,18.73872948
30/11/2016,707.2868652,16.82786942
30/11/2016,650.989563,27.01588058
30/11/2016,651.5947876,19.02920151
01/12/2016,647.8458252,20.26844215
01/12/2016,643.2974854,19.17520523
01/12/2016,645.5267334,16.73872948
01/12/2016,659.0803223,24.2090168
01/12/2016,641.0205078,19.03381157
01/12/2016,521.303833,8.256147385
01/12/2016,515.3287354,10.4795084
02/12/2016,509.9039307,9.364753723
02/12/2016,510.1905212,8.6982584
02/12/2016,517.2858887,9.568647385
02/12/2016,511.517334,5.831454754
03/12/2016,520.4527588,10.87090206
03/12/2016,529.0556641,8.672131538
03/12/2016,520.6268921,9.289446831
03/12/2016,523.2334595,20.49590111
04/12/2016,518.8878784,16.26639366
04/12/2016,515.9238281,9.339652061
04/12/2016,513.6202393,12.8857584
04/12/2016,519.9536133,12.05020523
05/12/2016,577.7577515,14.49077892
05/12/2016,607.0343018,13.56915951
05/12/2016,662.8299561,20.67981529
05/12/2016,674.260437,10.25922108
05/12/2016,672.8771973,10.15266418
06/12/2016,667.0889282,11.62602425
06/12/2016,664.4969482,10.90215206
06/12/2016,666.2261353,16.45133209
06/12/2016,665.4769897,17.82991791
07/12/2016,665.4335938,17.77612686
07/12/2016,664.8435059,13.18135262
07/12/2016,665.0870361,13.29713154
07/12/2016,665.2764893,11.1670084
07/12/2016,666.2059937,4.786885262
07/12/2016,665.7137451,4.980532646
08/12/2016,664.7985229,5.4579916
08/12/2016,665.2880859,8.125
08/12/2016,664.2949829,22.76434517
08/12/2016,664.7183838,30.09272575
08/12/2016,664.7208862,14.84477425
09/12/2016,665.2808838,10.34170055
09/12/2016,664.8682251,10.59221268
09/12/2016,699.8154297,10.38729477
09/12/2016,707.1434326,11.96157742
10/12/2016,708.206604,11.67059422
10/12/2016,706.9302368,6.940061569
10/12/2016,706.1199951,11.19159794
10/12/2016,706.3037109,15.5625
11/12/2016,705.9505005,16.93493843
11/12/2016,706.7337646,15.73463154
11/12/2016,706.8591309,21.6777668
11/12/2016,706.9779053,18.33913994
11/12/2016,707.3619385,24.42008209
12/12/2016,706.911499,18.00256157
12/12/2016,706.5349731,14.24897575
12/12/2016,707.2099609,18.23514366
12/12/2016,706.9325562,20.07786942
12/12/2016,707.0205688,20.93801308
13/12/2016,660.5306396,8.984118462
13/12/2016,660.5355835,7.462090015
13/12/2016,661.2028198,11.64088154
13/12/2016,660.5802002,11.09733582
14/12/2016,697.2210693,16.17622948
14/12/2016,697.3417358,13.95491791
14/12/2016,697.2807007,13.62038898
14/12/2016,680.5866699,13.91393471
15/12/2016,679.3473511,22.03944588
15/12/2016,679.6538696,10.84426212
15/12/2016,672.0803223,10.87397575
15/12/2016,688.791687,13.05430317
16/12/2016,688.7440796,15.18647575
16/12/2016,688.7490845,11.92827892
16/12/2016,688.487854,18.75102425
16/12/2016,514.1694946,27.99282837
17/12/2016,507.8680725,20.21618843
17/12/2016,521.3963013,18.62961006
17/12/2016,521.3890991,8.053278923
17/12/2016,510.3380127,9.061987877
18/12/2016,508.0302124,7.869364738
18/12/2016,512.9005127,7.809938431
18/12/2016,501.7325745,11.35860634
18/12/2016,519.5657959,12.00512314
19/12/2016,518.3948364,5.805840015
19/12/2016,515.2531738,3.465676308
19/12/2016,501.3191833,7.096823692
19/12/2016,514.6608887,10.66854477
20/12/2016,517.517395,8.530737877
20/12/2016,522.2266846,3.536885262
20/12/2016,514.916626,5.872438431
20/12/2016,512.829834,11.96670055
21/12/2016,513.4952393,3.1198771
21/12/2016,511.6065674,5.901639462
21/12/2016,508.9881897,2.881147623
21/12/2016,507.608551,3.162909746
22/12/2016,616.5578613,15.46106529
22/12/2016,622.5548706,22.39395523
22/12/2016,623.1533813,15.81301212
22/12/2016,623.2420654,16.26434517
23/12/2016,623.0350342,17.85194588
23/12/2016,622.2276001,6.6454916
23/12/2016,621.7960815,9.688012123
23/12/2016,622.6072388,14.33145523
24/12/2016,621.6470947,8.967212677
24/12/2016,621.5217896,9.746414185
24/12/2016,621.8579102,13.37807369
24/12/2016,620.9522095,9.189037323
25/12/2016,621.1356201,11.39241791
25/12/2016,620.5080566,11.68084049
25/12/2016,619.6484375,7.376024723
25/12/2016,619.8277588,9.323770523
26/12/2016,620.7509766,3.985143423
26/12/2016,621.4232788,12.85502052
26/12/2016,620.8970947,6.162397385
26/12/2016,619.5596313,11.47284794
27/12/2016,614.0426025,8.067623138
27/12/2016,617.9453735,9.123462677
27/12/2016,617.7220459,8.097335815
27/12/2016,617.6915894,18.49743843
28/12/2016,616.5574341,18.04456902
28/12/2016,617.4540405,15.69877052
28/12/2016,615.0873413,6.051229477
28/12/2016,614.8464966,13.14856529
29/12/2016,614.1690674,13.44415951
29/12/2016,615.7295532,9.829405785
29/12/2016,617.2961426,15.74231529
29/12/2016,519.0681152,12.04559422
30/12/2016,524.6735229,14.89907742
30/12/2016,528.7282715,16.68852425
30/12/2016,522.9782104,16.08913994
30/12/2016,521.0753174,16.82940483
31/12/2016,529.9039307,17.39958954
31/12/2016,527.3981934,15.37551212
31/12/2016,510.0523071,10.63370895
31/12/2016,536.9007568,17.35399628
01/01/2017,519.4508057,5.502048969
01/01/2017,519.1472168,6.633708954
01/01/2017,511.0751038,15.25204945
01/01/2017,524.6723022,15.11116791
02/01/2017,524.5228882,15.02510262
02/01/2017,520.4017944,14.93852425
02/01/2017,528.2883911,16.37192535
02/01/2017,528.006897,4.603483677
03/01/2017,513.4382324,8.888319969
03/01/2017,524.2493286,9.748462677
03/01/2017,520.1054077,8.182376862
03/01/2017,520.1444702,14.4375
04/01/2017,516.8181152,12.90112686
04/01/2017,509.5666809,7.545594215
04/01/2017,510.5585022,7.225922108
04/01/2017,512.862915,8.226434708
04/01/2017,514.213623,13.88165951
05/01/2017,513.5289917,7.641905785
05/01/2017,528.4425049,7.547131062
05/01/2017,515.8933716,5.636782646
06/01/2017,508.8624573,9.188524246
06/01/2017,536.4055176,8.005635262
06/01/2017,529.5552368,6.761782646
06/01/2017,502.9814148,4.282274723
07/01/2017,526.7012939,9.298155785
07/01/2017,518.2160034,10.0527668
07/01/2017,540.4111938,5.5204916
07/01/2017,549.8745728,9.905737877
08/01/2017,693.4818726,18.24846268
08/01/2017,723.2901001,28.24436569
08/01/2017,724.4047241,16.42879105
08/01/2017,720.7666016,10.96567631
09/01/2017,722.4625244,6.815061569
09/01/2017,722.1248779,5.851946831
09/01/2017,723.6040039,9.0420084
09/01/2017,707.0309448,9.663934708
10/01/2017,707.5919189,8.431864738
10/01/2017,702.6889648,12.93954945
10/01/2017,708.369751,8.054303169
10/01/2017,709.3134155,7.370901585
11/01/2017,708.786438,6.594774723
11/01/2017,708.9882813,5.857582092
11/01/2017,702.4872437,6.707479477
11/01/2017,703.7952271,5.644467354
12/01/2017,706.302124,5.342725277
12/01/2017,705.6043091,5.012295246
12/01/2017,685.9766846,1.646516442
12/01/2017,667.8244019,12.24795055
13/01/2017,666.6270752,8.100922585
13/01/2017,666.9293823,10.17059422
13/01/2017,689.2182617,11.51844215
13/01/2017,685.1518555,9.079405785
14/01/2017,668.9799194,8.487192154
14/01/2017,669.217041,10.28483582
14/01/2017,668.8034668,10.30481529
14/01/2017,668.1887817,13.93391418
15/01/2017,669.838501,12.19211102
15/01/2017,668.9363403,13.36270523
15/01/2017,669.4086304,13.68084049
15/01/2017,669.7381592,17.39600372
16/01/2017,669.5807495,17.70235634
16/01/2017,669.1471558,16.90266418
16/01/2017,669.3654785,15.56967258
16/01/2017,671.4083862,11.16495895
17/01/2017,668.5328369,10.30379105
17/01/2017,669.3044434,6.727971077
17/01/2017,668.4397583,8.848361015
17/01/2017,668.9227295,6.098360538
18/01/2017,669.0435791,4.262295246
18/01/2017,669.7835693,8.306864738
18/01/2017,672.3390503,8.044057846
18/01/2017,672.6480103,8.804815292
19/01/2017,673.6845703,9.124487877
19/01/2017,673.3580933,9.963114738
19/01/2017,674.258728,11.57838154
19/01/2017,674.6925049,13.45696735
20/01/2017,675.6802368,11.95696735
20/01/2017,672.3390503,9.998462677
20/01/2017,665.3465576,10.01588154
20/01/2017,655.8219604,6.686987877
20/01/2017,656.5006104,13.88780785
21/01/2017,656.6426392,15.10758209
21/01/2017,656.2851563,15.17725372
21/01/2017,653.7113647,16.68032837
21/01/2017,653.9946289,9.804303169
22/01/2017,654.4609985,8.698770523
22/01/2017,655.3533325,9.833503723
22/01/2017,655.2102051,11.8965168
22/01/2017,654.4706421,6.673667908
23/01/2017,654.9150391,10.14856529
23/01/2017,653.9071045,10.24231529
23/01/2017,655.362854,9.983606339
23/01/2017,656.0565796,10.10706997
24/01/2017,659.1990356,15.96157742
24/01/2017,659.5577393,17.33145523
24/01/2017,659.0167847,11.7402668
24/01/2017,659.2611694,7.482069492
25/01/2017,659.380249,7.730020523
25/01/2017,656.3323364,10.08760262
25/01/2017,612.9273071,14.16905785
25/01/2017,612.8897095,17.31045151
26/01/2017,612.4795532,19.21208954
26/01/2017,612.2302246,19.97797203
26/01/2017,611.1262207,8.197746277
26/01/2017,616.0900879,14.6465168
26/01/2017,615.4956055,17.27407837
27/01/2017,613.9955444,13.48002052
27/01/2017,615.0887451,6.0102458
27/01/2017,611.7577515,11.18340206
28/01/2017,610.532959,6.715676308
28/01/2017,604.8380127,4.990266323
28/01/2017,605.2504272,4.475409985
28/01/2017,604.9324951,11.0107584
29/01/2017,606.3519897,9.009221077
29/01/2017,606.2606201,10.16495895
29/01/2017,605.2234497,8.867827415
29/01/2017,606.1176147,6.072233677
30/01/2017,605.0183716,9.512294769
30/01/2017,605.1869507,10.65829945
30/01/2017,605.5499878,2.878073692
30/01/2017,604.5574341,12.05430317
31/01/2017,604.5595093,12.76485634
31/01/2017,605.2679443,15.8965168
31/01/2017,605.2756348,10.0420084
31/01/2017,604.7086182,15.14754105
01/02/2017,605.1409912,7.703893661
01/02/2017,601.9562378,5.111167908
01/02/2017,603.0721436,6.643442631
01/02/2017,604.6831055,5.402151585
02/02/2017,603.001709,12.86219215
02/02/2017,604.1244507,12.04047108
02/02/2017,604.366272,9.469262123
02/02/2017,604.9606934,10.07069683
03/02/2017,602.5053101,7.773053169
03/02/2017,611.3643188,9.190573692
03/02/2017,633.366394,11.34221268
03/02/2017,641.0666504,9.4590168
04/02/2017,641.1280518,11.03790951
04/02/2017,641.225647,11.86116791
04/02/2017,612.9605713,2.411885262
04/02/2017,617.161499,6.595286846
05/02/2017,628.7466431,8.725922585
05/02/2017,638.9614258,9.440573692
05/02/2017,622.6956787,7.143442631
05/02/2017,640.4065552,14.29713154
06/02/2017,643.7250366,15.96618843
06/02/2017,642.5915527,9.185962677
06/02/2017,633.7850952,4.2397542
06/02/2017,634.145752,3.325819731
07/02/2017,633.6958008,7.612704754
07/02/2017,634.3324585,7.634221077
07/02/2017,634.6637573,16.50102425
07/02/2017,633.9050293,19.65471268
08/02/2017,633.8338013,5.790983677
08/02/2017,633.6149292,9.514856339
08/02/2017,634.6710815,9.939037323
08/02/2017,634.9011841,20.47797203
09/02/2017,633.9881592,15.57377052
09/02/2017,633.9349365,12.49538898
09/02/2017,634.0441895,13.57120895
09/02/2017,633.8986206,11.21772575
10/02/2017,634.2709961,6.351434231
10/02/2017,639.2785034,8.425205231
10/02/2017,639.0021973,9.0409832
10/02/2017,636.8644409,11.81659794
11/02/2017,636.4480591,11.73360634
11/02/2017,636.5447388,15.53483582
11/02/2017,637.6112671,11.84528732
11/02/2017,637.3193359,13.64344215
12/02/2017,636.7999878,12.34375
12/02/2017,636.9439087,14.52663898
12/02/2017,637.8873291,13.67161846
12/02/2017,637.2282715,17.4784832
13/02/2017,637.4219971,15.06915951
13/02/2017,635.3721313,10.97489738
13/02/2017,625.0549927,9.336065292
13/02/2017,624.6414185,13.00768471
14/02/2017,625.1856689,11.55993843
14/02/2017,625.5559692,10.73770523
14/02/2017,625.503418,11.93698788
14/02/2017,626.4957886,14.69620895
15/02/2017,626.8912354,17.88319588
15/02/2017,625.8497314,23.15163994
15/02/2017,625.3242798,13.02459049
15/02/2017,625.2886963,7.494364738
16/02/2017,625.8361206,4.428791046
16/02/2017,625.2737427,8.7284832
16/02/2017,625.1262817,6.154713154
16/02/2017,624.9369507,15.40983582
17/02/2017,624.7630615,22.87448692
17/02/2017,625.4033203,20.30174255
17/02/2017,625.0118408,21.85194588
17/02/2017,631.4946899,15.00358582
18/02/2017,636.3597412,16.39856529
18/02/2017,636.1932983,15.27663898
18/02/2017,636.0232544,20.86577797
18/02/2017,635.2832642,18.90317535
19/02/2017,635.9750977,19.58811569
19/02/2017,636.0744629,21.15625
19/02/2017,635.0530396,17.02202797
19/02/2017,635.8648682,15.74231529
19/02/2017,636.0690308,21.25666046
20/02/2017,635.1004028,20.97336006
20/02/2017,635.9849854,20.92161942
20/02/2017,635.7202148,19.71721268
20/02/2017,635.7767944,15.10092258
21/02/2017,634.5546875,15.52868843
21/02/2017,634.0627441,15.40625
21/02/2017,634.4940186,4.712602615
21/02/2017,633.895874,6.688012123
21/02/2017,634.0427246,7.362192631
22/02/2017,633.7709961,18.2715168
22/02/2017,633.8321533,13.84784794
22/02/2017,633.9642334,11.64344215
22/02/2017,634.8358154,5.106045246
22/02/2017,636.348938,8
23/02/2017,636.0036621,6.912909985
23/02/2017,636.5686035,7.147541046
23/02/2017,636.911377,8.986167908
23/02/2017,635.1737671,5.794057369
24/02/2017,635.5509644,8.755635262
24/02/2017,636.0980225,11.11577892
24/02/2017,635.0366211,9.597847939
24/02/2017,636.0628662,18.15368843
25/02/2017,636.1938477,17.01127052
25/02/2017,636.6487427,15.96260262
25/02/2017,635.8532715,10.17213154
25/02/2017,636.5100708,20.17059517
26/02/2017,637.2005005,8.017417908
26/02/2017,637.5063477,13.9170084
26/02/2017,636.6637573,12.63883209
26/02/2017,636.3446045,12.39907742
27/02/2017,636.3189087,10.55481529
27/02/2017,636.7373657,9.775614738
27/02/2017,632.3810425,10.11168003
27/02/2017,633.0493774,14.13831997
28/02/2017,632.6365967,12.41393471
28/02/2017,633.3269043,6.665471077
28/02/2017,632.9436646,7.781762123
28/02/2017,633.947876,6.144467354
01/03/2017,633.9263916,4.066086292
01/03/2017,633.9118652,3.683913946
01/03/2017,634.7229004,8.816085815
01/03/2017,634.6342773,6.8647542
01/03/2017,633.2601929,18.77305412
02/03/2017,633.196106,19.31454849
02/03/2017,634.4995728,20.68083954
02/03/2017,632.7474365,17.25409889
02/03/2017,515.3466797,2.992827892
03/03/2017,514.652771,5.949795246
03/03/2017,506.9030151,15.59887314
03/03/2017,506.0252075,15.03790951
03/03/2017,504.2426147,14.38985634
03/03/2017,509.5718994,10.93801212
04/03/2017,520.458374,18.65983582
04/03/2017,519.2662354,15.3232584
04/03/2017,516.8092041,12.74743843
04/03/2017,499.7928772,9.065061569
05/03/2017,508.0881958,10.26536846
05/03/2017,502.9766541,10.99129105
05/03/2017,503.6742249,7.424180508
05/03/2017,507.8936157,9.717725754
06/03/2017,498.3786011,8.725922585
06/03/2017,504.0149841,7.557376862
06/03/2017,529.9663086,10.23002052
07/03/2017,518.1415405,8.210553169
07/03/2017,515.7559814,12.7704916
07/03/2017,505.7655334,12.74231529
07/03/2017,512.9644165,12.82940578
08/03/2017,507.8469543,14.46721268
08/03/2017,508.094574,10.75819683
08/03/2017,518.0308228,10.33606529
08/03/2017,521.8589478,12.82940578
09/03/2017,508.0281067,14.34579945
09/03/2017,513.7811279,14.89856529
09/03/2017,514.0238647,9.810450554
09/03/2017,511.0868225,17.49180412
10/03/2017,510.1297302,16.27407837
10/03/2017,501.5246887,13.82172108
10/03/2017,507.0688477,13.64959049
10/03/2017,515.1586304,12.97182369
11/03/2017,516.5458984,18.08145523
11/03/2017,503.420105,12.42315578
11/03/2017,509.6808472,14.48514366
11/03/2017,518.2498779,11.87090206
12/03/2017,525.7880249,11.44159794
12/03/2017,500.9470215,3.466188431
12/03/2017,517.7344971,14.75717258
12/03/2017,525.1593628,18.90573692
13/03/2017,516.6918335,18.85297203
13/03/2017,521.1229248,18.88370895
13/03/2017,520.7085571,14.71618843
13/03/2017,525.2776489,23.0819664
14/03/2017,518.8222046,18.18698692
14/03/2017,504.8259888,18.03995895
14/03/2017,522.6512451,15.59528732
15/03/2017,533.8708496,19.59170151
15/03/2017,526.3797607,19.54405785
15/03/2017,537.1363525,20.30174255
15/03/2017,531.8314819,17.92161942
16/03/2017,623.7011108,27.51588058
16/03/2017,671.0692749,34.26895523
16/03/2017,764.5064087,41.0235672
16/03/2017,761.5453491,23.67981529
17/03/2017,727.6890259,27.08452797
17/03/2017,719.6133423,26.88627052
17/03/2017,717.157959,21.20338058
17/03/2017,713.2379761,16.93083954
18/03/2017,710.784668,12.58094215
18/03/2017,711.218689,9.588626862
18/03/2017,711.0494385,15.3125
18/03/2017,689.7797852,18.98360634
19/03/2017,686.987915,9.658299446
19/03/2017,692.9873657,9.752049446
